province,avg_risk_score,max_risk_score,min_risk_score,risk_std,avg_magnitude,max_magnitude,avg_depth,min_depth,avg_frequency,total_population,regions_affected,risk_level,risk_per_100k
Banten,62.33595462244305,64.93957209741212,59.87414545332802,1.9699742511846232,6.858333333333333,7.3,11.5,7,6.833333333333333,18286824,12,High,4.090548776918926
DI Yogyakarta,58.2928358932916,63.517911784458924,50.889957284380785,5.98432268852513,5.8,6.2,19.2,11,5.0,3667280,5,Moderate,7.94769364396659
DKI Jakarta,55.89917840337657,61.012205711176904,39.71450383959105,8.08737232013005,5.8,6.5,20.0,10,4.333333333333333,10434060,6,Moderate,3.214425357150135
Jawa Barat,55.68204526319012,65.66212445835966,40.41196909851361,5.2476687080194875,5.697435897435897,6.9,25.564102564102566,9,4.153846153846154,74171033,39,Moderate,2.9278273167159674
Jawa Tengah,52.0637953727645,60.07888380506907,33.76926454420834,5.725999941529125,5.590697674418605,6.5,27.11627906976744,10,3.6744186046511627,43739313,43,Moderate,5.118377604670822
Jawa Timur,54.10285769531097,64.45539245883963,32.79428666657801,6.8664762727532835,5.773076923076923,7.1,24.884615384615383,8,4.25,52286053,52,Moderate,5.380686509567227
